kind,id,name,category,scale,params,compatible_with,keywords,summary
theme,storm_isle,Storm Isle,island,,terrain=island; weathers=storm/rain; mood=tense; scatter_density=0.9; pickup=lantern_core; material_style=storm_isle; audio=storm_isle,lighting:storm_dark dusk | layouts:compact_trail classic hub_spoke grand_loop gauntlet outpost_cluster archipelago_hop,storm stormy lighthouse island thunder shipwreck sea coast waves gale,water coastal dark
theme,tropical_cove,Tropical Cove,island,,terrain=archipelago; weathers=clear/cloudy; mood=cheerful; scatter_density=1.2; pickup=gem; material_style=tropical_cove; audio=tropical_cove,lighting:noon golden_hour | layouts:compact_trail classic hub_spoke grand_loop gauntlet outpost_cluster archipelago_hop,tropical beach cove lagoon palm paradise archipelago islands reef sunny treasure pirate,water bright archipelago
theme,pine_valley,Pine Valley,forest,,terrain=valley; weathers=clear/fog; mood=serene; scatter_density=1.15; pickup=herb; material_style=pine_valley; audio=pine_valley,lighting:dawn noon | layouts:compact_trail classic hub_spoke grand_loop gauntlet outpost_cluster,forest woods pine valley woodland trees cabin hiking ranger,green
theme,swamp_fen,Swamp Fen,forest,,terrain=marsh; weathers=fog/rain; mood=eerie; scatter_density=1.1; pickup=herb; material_style=swamp_fen; audio=swamp_fen,lighting:overcast dusk | layouts:compact_trail classic hub_spoke grand_loop gauntlet outpost_cluster,swamp marsh bog fen bayou wetland mud frog witch murky,water dark wet
theme,dune_sea,Dune Sea,desert,,terrain=dunes; weathers=clear/sandstorm; mood=lonely; scatter_density=0.6; pickup=relic; material_style=dune_sea; audio=dune_sea,lighting:noon golden_hour | layouts:compact_trail classic hub_spoke grand_loop gauntlet outpost_cluster,desert dunes dune sand sahara nomad caravan sandstorm arid,dry bright
theme,oasis_flats,Oasis Flats,desert,,terrain=open; weathers=clear/cloudy; mood=peaceful; scatter_density=1.1; pickup=gem; material_style=oasis_flats; audio=oasis_flats,lighting:golden_hour dusk | layouts:compact_trail classic hub_spoke grand_loop gauntlet outpost_cluster,oasis bazaar mirage flats savanna pyramid egypt camel,dry warm
theme,frost_peaks,Frost Peaks,snow,,terrain=valley; weathers=snow/clear; mood=harsh; scatter_density=1; pickup=shard; material_style=frost_peaks; audio=frost_peaks,lighting:dawn overcast | layouts:compact_trail classic hub_spoke grand_loop gauntlet outpost_cluster,snow mountain mountains peaks winter alpine yeti blizzard ski summit,cold bright
theme,glacier_steps,Glacier Steps,snow,,terrain=terraces; weathers=fog/snow; mood=awed; scatter_density=0.8; pickup=shard; material_style=glacier_steps; audio=glacier_steps,lighting:noon night | layouts:compact_trail classic hub_spoke grand_loop gauntlet outpost_cluster,glacier ice icy frozen tundra arctic polar crevasse aurora penguin,cold terraced
theme,ember_caldera,Ember Caldera,volcanic,,terrain=caldera; weathers=ash/clear; mood=ominous; scatter_density=1; pickup=gem; material_style=ember_caldera; audio=ember_caldera,lighting:dusk night | layouts:compact_trail classic hub_spoke grand_loop gauntlet outpost_cluster,volcano volcanic lava caldera crater magma eruption ember dragon fire,hot dark
theme,obsidian_mesa,Obsidian Mesa,volcanic,,terrain=plateau; weathers=ash/storm; mood=grim; scatter_density=0.9; pickup=shard; material_style=obsidian_mesa; audio=obsidian_mesa,lighting:storm_dark dusk | layouts:compact_trail classic hub_spoke grand_loop gauntlet outpost_cluster,obsidian basalt scorched ash forge cinder hellscape brimstone,hot dark
theme,red_canyon,Red Canyon,canyon,,terrain=valley; weathers=clear/sandstorm; mood=adventurous; scatter_density=1; pickup=gem; material_style=red_canyon; audio=red_canyon,lighting:golden_hour noon | layouts:compact_trail classic hub_spoke grand_loop gauntlet outpost_cluster,canyon gorge western cowboy gulch outlaw badlands ravine wild west,dry warm
theme,sandstone_steps,Sandstone Steps,canyon,,terrain=terraces; weathers=clear/cloudy; mood=curious; scatter_density=1.1; pickup=scroll; material_style=sandstone_steps; audio=sandstone_steps,lighting:dawn golden_hour | layouts:compact_trail classic hub_spoke grand_loop gauntlet outpost_cluster,mesa sandstone terraces ledges pueblo cliff dwelling strata quarry cliffs,dry terraced
theme,sunken_ruins,Sunken Ruins,ruins,,terrain=marsh; weathers=fog/rain; mood=mysterious; scatter_density=1; pickup=relic; material_style=sunken_ruins; audio=sunken_ruins,lighting:overcast dusk | layouts:compact_trail classic hub_spoke grand_loop gauntlet outpost_cluster,ruins sunken flooded drowned atlantis lost city ancient submerged,water ancient
theme,overgrown_temple,Overgrown Temple,ruins,,terrain=plateau; weathers=clear/rain; mood=wondrous; scatter_density=1.3; pickup=scroll; material_style=overgrown_temple; audio=overgrown_temple,lighting:noon golden_hour | layouts:compact_trail classic hub_spoke grand_loop gauntlet outpost_cluster,jungle temple overgrown aztec maya mayan idol vines explorer,green ancient
theme,fog_city,Fog City,city,,terrain=open; weathers=fog/rain; mood=noir; scatter_density=0.8; pickup=key; material_style=fog_city; audio=fog_city,lighting:overcast night | layouts:compact_trail classic hub_spoke grand_loop gauntlet outpost_cluster,city streets fog foggy noir detective victorian london alley urban,urban dark
theme,hillside_town,Hillside Town,city,,terrain=terraces; weathers=clear/cloudy; mood=warm; scatter_density=1.2; pickup=key; material_style=hillside_town; audio=hillside_town,lighting:golden_hour noon | layouts:compact_trail classic hub_spoke grand_loop gauntlet outpost_cluster,town hillside village terraced mediterranean vineyard italian market cozy,urban bright terraced
theme,orbital_base,Orbital Base,scifi_base,,terrain=open; weathers=clear/cloudy; mood=sleek; scatter_density=0.8; pickup=shard; material_style=orbital_base; audio=orbital_base,lighting:neon_night night | layouts:compact_trail classic hub_spoke grand_loop gauntlet outpost_cluster,space base station scifi sci fi futuristic robot alien planet colony moon orbital,tech dark
theme,crystal_hollow,Crystal Hollow,scifi_base,,terrain=caldera; weathers=fog/clear; mood=dreamlike; scatter_density=1.1; pickup=gem; material_style=crystal_hollow; audio=crystal_hollow,lighting:neon_night dusk | layouts:compact_trail classic hub_spoke grand_loop gauntlet outpost_cluster,crystal crystals hollow cavern glowing geode mine gems underground,tech glow
template,classic_chain,Classic quest chain,adventure,,timed=no; objective_kinds=talk/collect/activate/reach,layouts:compact_trail classic hub_spoke grand_loop gauntlet outpost_cluster archipelago_hop,adventure quest story classic rpg,"Talk to the quest giver, gather what was lost, wake each site, then the finale."
template,beacon_circuit,Beacon circuit,puzzle,,timed=no; locations_min=4; objective_kinds=activate/reach,layouts:compact_trail classic hub_spoke grand_loop gauntlet outpost_cluster archipelago_hop,beacon circuit signal sequence order puzzle light the,Light the sites in one strict order; each lit beacon points to the next.
template,relic_hunt,Relic hunt,collectathon,,timed=no; locations_min=3; objective_kinds=collect,layouts:compact_trail classic hub_spoke grand_loop gauntlet outpost_cluster archipelago_hop,collect collectathon relic treasure gem gather scavenger find all,"Every relic is out there from the first second; find them all, in any order."
template,courier_run,Courier run,mission,,timed=yes; locations_min=3; objective_kinds=collect/deliver,layouts:compact_trail classic hub_spoke grand_loop gauntlet outpost_cluster archipelago_hop,courier deliver delivery parcel mail messenger errand postman,Pick up each parcel and deliver it to the right person or place before the clock runs out.
template,stealth_infiltration,Stealth infiltration,stealth,,timed=no; locations_min=3; hostiles_min=2; hostiles_max=4; objective_kinds=talk/reach/collect,layouts:compact_trail classic hub_spoke grand_loop gauntlet outpost_cluster archipelago_hop,stealth sneak infiltrate infiltration spy heist shadow guards,"Slip past heavy sentinels from site to site, lift the intel, and plant the signal at the finale."
template,hunt,The hunt,adventure,,timed=no; hostiles_min=2; hostiles_max=4; objective_kinds=defeat,layouts:compact_trail classic hub_spoke grand_loop gauntlet outpost_cluster archipelago_hop,hunt fight combat monster slay battle beast defeat hunter,"Take the fight to every hostile in melee, then report back."
template,last_stand,Last stand,survival,,timed=no; locations_min=2; hostiles_min=1; hostiles_max=3; objective_kinds=reach/survive,layouts:compact_trail classic hub_spoke grand_loop gauntlet outpost_cluster archipelago_hop,survive survival hold defend siege last stand outlast endure,"Reach the finale, light it, then hold out against the storm until the timer runs down."
template,timed_rush,Timed rush,mission,,timed=yes; locations_min=3; hostiles_max=2; objective_kinds=reach,layouts:compact_trail classic hub_spoke grand_loop gauntlet outpost_cluster archipelago_hop,race rush timed speed clock time trial hurry countdown,Race through every site on a tight but fair clock and light the finale before time runs out.
template,lock_and_key,Locks and keys,puzzle,,timed=no; locations_min=4; objective_kinds=collect/reach,layouts:compact_trail classic hub_spoke grand_loop gauntlet outpost_cluster archipelago_hop,key keys lock locked door vault dungeon unlock seal,"Each site is sealed and its key lies somewhere else. Find a key, break its seal, repeat."
template,grand_tour,Grand tour,exploration,,timed=no; locations_min=3; hostiles_max=1; objective_kinds=reach,layouts:compact_trail classic hub_spoke grand_loop gauntlet outpost_cluster archipelago_hop,explore exploration wander discover tour scenic sightseeing roam,"Visit every corner of the map in any order, then come home."
layout,compact_trail,Compact trail,linear,small,locations=4; ordering=linear; kinds=camp/grove/cave/ruin/tower; finale=tower/shrine/ruin,templates:classic_chain beacon_circuit relic_hunt courier_run stealth_infiltration hunt last_stand timed_rush lock_and_key grand_tour,compact short quick tiny trail bite sized brief,"A short hop: hub, two stops and a nearby finale. Good for quick sessions."
layout,classic,Classic hub and trail,linear,medium,locations=5; ordering=linear; kinds=camp/cave/ruin/shrine/grove/landmark; finale=tower/summit/shrine,templates:classic_chain beacon_circuit relic_hunt courier_run stealth_infiltration hunt last_stand timed_rush lock_and_key grand_tour,classic standard journey traditional,The Games-B default: a central hub and four sites spread across the map.
layout,hub_spoke,Hub and spokes,hub_spoke,medium,locations=6; ordering=hub_spoke; kinds=camp/village/cave/ruin/shrine/grove/tower; finale=landmark/shrine/tower,templates:classic_chain beacon_circuit relic_hunt courier_run stealth_infiltration hunt last_stand timed_rush lock_and_key grand_tour,hub spoke spokes central radial star base camp wheel,Five sites on a ring round a central hub; every trail starts at home.
layout,grand_loop,Grand loop,loop,large,locations=6; ordering=loop; kinds=camp/dock/grove/cave/ruin/landmark; finale=summit/tower/shrine,templates:classic_chain beacon_circuit relic_hunt courier_run stealth_infiltration hunt last_stand timed_rush lock_and_key grand_tour,loop circuit round trip ring grand circle tour lap roundabout,"A wide circuit: set out from the hub, visit every site round the ring, and the finale leads back home."
layout,gauntlet,Gauntlet run,gauntlet,medium,locations=5; ordering=gauntlet; kinds=camp/cave/ruin/grove/landmark; finale=summit/tower,templates:classic_chain beacon_circuit relic_hunt courier_run stealth_infiltration hunt last_stand timed_rush lock_and_key grand_tour,gauntlet chain long march trek expedition corridor far pilgrimage,One long zig-zag chain across the map; the finale waits at the far end.
layout,outpost_cluster,Outpost cluster,cluster,small,locations=5; ordering=cluster; kinds=camp/ruin/cave/grove/dock; finale=tower/landmark,templates:classic_chain beacon_circuit relic_hunt courier_run stealth_infiltration hunt last_stand timed_rush lock_and_key grand_tour,outpost cluster compound settlement fort town dense arena siege,"A tight knot of sites round the hub: short walks, dense action."
layout,archipelago_hop,Archipelago hop,hub_spoke,large,locations=6; ordering=hub_spoke; kinds=dock/grove/cave/ruin/camp/landmark; finale=shrine/summit/tower; biomes=island,templates:classic_chain beacon_circuit relic_hunt courier_run stealth_infiltration hunt last_stand timed_rush lock_and_key grand_tour | biomes:island,archipelago islands island hopping hop hopping harbour harbor sail sailing,Far-flung sites spread round a central harbour; best on water themes.
difficulty,easy,Easy,difficulty,,damage_mult=0.5; time_mult=1.5; lives=5; player_health=120; hostile_bonus=0; npc_speed_mult=0.8; sight_mult=0.75,all,,
difficulty,normal,Normal,difficulty,,damage_mult=1; time_mult=1; lives=3; player_health=100; hostile_bonus=1; npc_speed_mult=1; sight_mult=1,all,,
difficulty,hard,Hard,difficulty,,damage_mult=1.6; time_mult=0.75; lives=2; player_health=90; hostile_bonus=2; npc_speed_mult=1.15; sight_mult=1.3,all,,
lighting,dawn,Dawn,lighting,,time_of_day=0.27; sun_elevation=9; sun_intensity=1.35; exposure=1.1,default_for:pine_valley frost_peaks sandstone_steps | any theme,dawn sunrise daybreak morning first light early,
lighting,noon,Noon,lighting,,time_of_day=0.5; sun_elevation=68; sun_intensity=2.1; exposure=1,default_for:tropical_cove pine_valley dune_sea glacier_steps red_canyon overgrown_temple hillside_town | any theme,noon midday day daytime sunny bright sunlit clear,
lighting,golden_hour,Golden hour,lighting,,time_of_day=0.7; sun_elevation=16; sun_intensity=1.75; exposure=1.05,default_for:tropical_cove dune_sea oasis_flats red_canyon sandstone_steps overgrown_temple hillside_town | any theme,golden golden hour afternoon warm late afternoon amber,
lighting,dusk,Dusk,lighting,,time_of_day=0.76; sun_elevation=6; sun_intensity=1.1; exposure=1.12; lamp_boost=1.25,default_for:storm_isle swamp_fen oasis_flats ember_caldera obsidian_mesa sunken_ruins crystal_hollow | any theme,dusk sunset evening twilight gloaming,
lighting,night,Moonlit night,lighting,,time_of_day=0.95; sun_elevation=48; sun_intensity=0.8; exposure=1.25; lamp_boost=1.5,default_for:glacier_steps ember_caldera fog_city orbital_base | any theme,night midnight moon moonlit dark stars nocturnal,
lighting,overcast,Overcast,lighting,,time_of_day=0.55; sun_elevation=50; sun_intensity=1.05; exposure=1.1,default_for:swamp_fen frost_peaks sunken_ruins fog_city | any theme,overcast grey gray cloudy dull muted bleak,
lighting,storm_dark,Storm dark,lighting,,time_of_day=0.62; sun_elevation=35; sun_intensity=0.75; exposure=1.25; lamp_boost=1.5,default_for:storm_isle obsidian_mesa | any theme,storm stormy thunder lightning tempest gale ominous dark clouds,
lighting,neon_night,Neon night,lighting,,time_of_day=0.92; sun_elevation=55; sun_intensity=0.75; exposure=1.3; lamp_boost=1.7,default_for:orbital_base crystal_hollow | any theme,neon cyber cyberpunk city night synth signs electric futuristic,
npc_archetype,sentinel_patrol,sentinel_patrol,hostile,,initial=patrol; near=chase; far=patrol; speed=2.6; sight=11; leash=14; route=loop,all,,"Walks a fixed loop on walkable ground; runs down a player it can see (line of sight), gives up at a short leash and resumes the loop."
npc_archetype,guard_post,guard_post,hostile,,initial=guard; near=chase; far=guard; speed=3.4; sight=8; leash=10,all,,"Holds its post and turns to watch; lunges at a player who comes close, then walks back to the post."
npc_archetype,stalker,stalker,hostile,,initial=wander; near=chase; far=wander; speed=3.9; sight=13; leash=20,all,,"Prowls around its lair; chases on sight and is quick, but leashes back home past its leash radius."
npc_archetype,swarm,swarm,hostile,,initial=wander; near=chase; far=wander; speed=3; sight=7; leash=10,all,,"A pack of 2–3 small, slow, short-sighted hostiles milling around one shared spot."
npc_archetype,wanderer,wanderer,friendly,,initial=wander; speed=1.2; sight=5; leash=12,all,,Ambient local strolling around home and lingering between strolls.
npc_archetype,skittish,skittish,friendly,,initial=wander; near=flee; far=wander; speed=2.2; sight=5; leash=12,all,,"Harmless critter: potters about, bolts from a close player (never past its leash) and wanders home after."
npc_archetype,companion,companion,friendly,,initial=follow_player; speed=6.2; sight=12; leash=40,all,,"Follows 2–4 m behind the player, backs off when crowded, teleports to catch up. NPCs never collide with the player, so it cannot block a path."
npc_archetype,vendor,vendor,friendly,,initial=idle; speed=1.4; sight=6; leash=6,all,,"Stands at its stall, turns to face a nearby player and plays the talk anim in conversation."
npc_archetype,quest,quest,friendly,,initial=idle; speed=1.4; sight=7; leash=6,all,,The quest giver: holds still at its post and faces the player when near or talking.
material_style,default,Neutral,materials,,tint=#8a8a80; tile_mult=1; materials=,all,,
material_style,storm_isle,Storm-washed stone,materials,,tint=#4d5a66; tile_mult=1; materials=grass/rock/sand/stone/wood/planks/roof/water/metal,all,,
material_style,tropical_cove,Sun-bleached tropics,materials,,tint=#f2d58a; tile_mult=1.1; materials=grass/sand/rock/water/wood/planks/roof/cloth/leaves,all,,
material_style,pine_valley,Mossy highland,materials,,tint=#3e5a3a; tile_mult=1; materials=grass/rock/dirt/stone/bark/leaves/wood/roof,all,,
material_style,swamp_fen,Rotting fen,materials,,tint=#4a5230; tile_mult=0.9; materials=grass/dirt/rock/water/wood/planks/stone/leaves/glow,all,,
material_style,dune_sea,Sand-scoured,materials,,tint=#d6a660; tile_mult=1.25; materials=sand/grass/rock/dirt/stone/plaster/wood/cloth/metal,all,,
material_style,frost_peaks,Rime and granite,materials,,tint=#b8cce0; tile_mult=1; materials=snow/grass/rock/dirt/stone/wood/planks/roof/water/crystal,all,,
material_style,ember_caldera,Basalt and ember,materials,,tint=#3a2420; tile_mult=1; materials=rock/sand/dirt/grass/stone/ember/metal/glow/water,all,,
material_style,red_canyon,Red rock,materials,,tint=#b0583a; tile_mult=1.2; materials=rock/dirt/sand/grass/stone/wood/plaster,all,,
material_style,sunken_ruins,Drowned masonry,materials,,tint=#4a6a64; tile_mult=1; materials=stone/rock/plaster/sand/grass/water/metal/brass,all,,
material_style,fog_city,Soot and slate,materials,,tint=#5a5e66; tile_mult=0.9; materials=stone/plaster/roof/metal/wood/planks/grass/glow/water,all,,
material_style,orbital_base,Station alloy,materials,,tint=#7a90a8; tile_mult=0.8; materials=metal/stone/plaster/roof/planks/wood/rock/dirt/grass/glow/cloth,all,,
material_style,crystal_hollow,Geode glow,materials,,tint=#5a4a7a; tile_mult=1; materials=rock/stone/dirt/grass/sand/crystal/glow/water/leaves,all,,
material_style,oasis_flats,Palm and mudbrick,materials,,tint=#e0b070; tile_mult=1.15; materials=sand/grass/plaster/stone/water/cloth/wood,all,,
material_style,glacier_steps,Blue ice,materials,,tint=#a8d0ec; tile_mult=1.1; materials=snow/rock/stone/grass/dirt/water/crystal/wood,all,,
material_style,obsidian_mesa,Glassy basalt,materials,,tint=#2b2d42; tile_mult=1; materials=rock/sand/dirt/stone/grass/ember/metal/water/glow,all,,
material_style,sandstone_steps,Banded sandstone,materials,,tint=#d0a070; tile_mult=1.2; materials=rock/stone/sand/dirt/plaster/grass/cloth,all,,
material_style,overgrown_temple,Jungle-swallowed stone,materials,,tint=#3f7d3a; tile_mult=1; materials=stone/rock/plaster/grass/leaves/dirt/water/brass/glow,all,,
material_style,hillside_town,Terracotta and whitewash,materials,,tint=#e0c8a0; tile_mult=1; materials=roof/plaster/stone/grass/wood/planks/cloth/leaves,all,,
audio,default,Open air,audio,,master=0.55; layers=wind/leaves,all,,
audio,storm_isle,Gale and breakers,audio,,master=0.6; layers=wind/gust/surf,all,,
audio,tropical_cove,Warm surf,audio,,master=0.55; layers=surf/lap/leaves/insects,all,,
audio,pine_valley,Pine wind,audio,,master=0.55; layers=wind/leaves/insects,all,,
audio,swamp_fen,Fen chorus,audio,,master=0.55; layers=drone/insects/lap,all,,
audio,dune_sea,Singing sand,audio,,master=0.55; layers=wind/gust/drone,all,,
audio,frost_peaks,High wind,audio,,master=0.55; layers=wind/gust,all,,
audio,ember_caldera,Magma breath,audio,,master=0.6; layers=rumble/crackle/drone,all,,
audio,red_canyon,Canyon wind,audio,,master=0.55; layers=wind/drone,all,,
audio,sunken_ruins,Drowned halls,audio,,master=0.55; layers=lap/drone/shimmer,all,,
audio,fog_city,Foghorn streets,audio,,master=0.55; layers=distant_city/rain/hum/wind,all,,
audio,orbital_base,Station hum,audio,,master=0.5; layers=hum/vent/shimmer,all,,
audio,crystal_hollow,Geode resonance,audio,,master=0.5; layers=drone/shimmer/shimmer,all,,
audio,oasis_flats,Oasis breeze,audio,,master=0.55; layers=wind/leaves/lap/insects,all,,
audio,glacier_steps,Groaning ice,audio,,master=0.55; layers=wind/drone/shimmer,all,,
audio,obsidian_mesa,Cinder wind,audio,,master=0.6; layers=rumble/wind/crackle,all,,
audio,sandstone_steps,Mesa echo,audio,,master=0.55; layers=wind/drone,all,,
audio,overgrown_temple,Jungle canopy,audio,,master=0.55; layers=leaves/insects/drone,all,,
audio,hillside_town,Village afternoon,audio,,master=0.5; layers=wind/leaves/distant_city,all,,
